voltage,current,temperature,resistance,frequency,power
220,5.2,45,42.3,50,1144
220,7.8,88,28.8,50,1755
230,5.1,46,45.1,50,1173
230,8.1,92,28.4,50,1863
215,5.3,44,40.6,50,1139.5
380,8.5,65,44.7,50,3230
380,12.2,110,31.1,50,4636
120,2.8,35,42.9,50,336
120,4.5,65,26.7,50,540
125,2.75,36,45.5,50,343.75
118,2.85,34,41.8,50,336.3
130,2.7,37,48.1,50,351
115,2.9,33,40.5,50,333.5
220,5.3,48,41.5,50,1166
225,5.25,49,42.9,50,1181.25
